Name,Company,Customer Type,Email,Phone,Mobile,Fax,Website,Street,City,State,ZIP,Country,Opening Balance,Date,Resale Number
Brittney Mcbride,MindFrame AI,Government,rickey74@gmail.com,(333) 754-1026,(647) 976-1499,(505) 403-5728,https://marsh-palmer.com/,9160 John Squares,Floresburgh,AK,51507,Germany,0.0,2021-09-14,55434612
Michelle Bridges,CryoNet Labs,Enterprise,maurice08@prince.com,(897) 424-7236,(264) 825-4465,(169) 305-3503,http://www.patterson.com/,4438 Jeremiah Isle Apt. 341,New Andrewmouth,DE,08442,United Kingdom,0.0,2022-11-23,15736896
Cassandra Lopez,Infinity Logic,Enterprise,ryanchapman@irwin-riddle.com,(845) 856-4460,(253) 703-4753,(587) 247-6703,http://torres.info/,301 Colon Mission Apt. 821,Haynesmouth,MD,57476,Canada,0.0,2020-11-18,18116556
Renee Allen,Zenith Cognition,Startup,gloria25@baker-brown.com,(131) 153-2057,(442) 127-7954,(662) 931-7816,https://harris.com/,6566 Daniel Road,Sydneyberg,DE,39765,Australia,0.0,2020-04-28,63370678
Henry Terry,Quantum Synergy Ltd,Retail,ortizheather@gmail.com,(877) 457-7511,(228) 433-8881,(999) 371-6285,http://www.stone-parsons.com/,600 Hoover Path,Makaylamouth,NJ,66919,Canada,0.0,2023-08-14,32686079
Timothy Forbes MD,Hyperion Dataworks,Wholesale Trade,desireehendricks@lee-greene.com,(965) 451-9358,(888) 301-8591,(651) 722-9531,http://www.ruiz-green.info/,868 Miller Corners,East Robert,WI,72786,Canada,0.0,2021-03-18,98432269
Donna Thompson,NanoCore Solutions,Enterprise,kempblake@cuevas.com,(846) 476-6316,(276) 735-3245,(209) 289-4455,http://stephens.com/,082 Joshua Neck,New Amanda,PA,54915,Germany,0.0,2022-11-20,22349065
Hannah Schwartz,Hyperion Dataworks,Enterprise,jadewilliams@gmail.com,(160) 497-7843,(347) 896-2119,(179) 910-7919,http://www.robles.info/,4411 Singh Groves,New Jonathanton,VA,14646,Germany,0.0,2024-05-19,53582633
Lisa Taylor,CryoNet Labs,Retail,carolvaldez@hart-anderson.com,(294) 434-3879,(481) 826-4209,(701) 265-4172,https://edwards-gross.org/,77764 Christina Views,Pamelachester,NC,84219,Germany,0.0,2021-09-30,72416650
Peter Hicks,Hyperion Dataworks,Retail,devongarcia@gmail.com,(552) 392-3099,(532) 849-7491,(588) 361-2060,https://mcdonald.com/,61890 Thompson Inlet,Chaveztown,SD,46321,Canada,0.0,2022-04-14,36075714
Michael Salas,Infinity Logic,Government,xcrosby@yahoo.com,(754) 294-1497,(463) 992-5722,(788) 806-9870,https://horton.com/,23570 Sanders Hills,South Joshuaberg,MO,21991,United Kingdom,0.0,2020-08-30,42060469
Derrick Cruz,Sentient Systems,Wholesale Trade,barnettduane@stevens.info,(108) 674-1843,(963) 698-9974,(789) 832-8982,http://james.com/,59055 Sarah Meadows,Stewartfurt,ME,04367,United States,0.0,2023-06-19,22948645
April Mendez,MindFrame AI,Enterprise,efranco@harris-brown.com,(431) 318-3717,(223) 567-8231,(890) 197-6983,https://morgan.com/,2726 Jackson Ferry Apt. 944,Brianhaven,VA,13937,United States,0.0,2020-12-28,62847030
Lisa Dominguez,DataForge AI,Government,merrittrobert@medina.info,(717) 110-5049,(488) 491-7059,(779) 782-9574,http://brooks.com/,7602 Matthew Circles Suite 810,East Patrick,MD,25015,United States,0.0,2024-09-28,60432911
Austin Murphy,Infinity Logic,Startup,jamesmullen@hotmail.com,(156) 192-6235,(598) 715-3103,(724) 692-3455,http://www.franklin.biz/,1381 Rivas Lock Apt. 719,North Joseph,MI,79541,Germany,0.0,2022-01-23,92654444
Jessica Taylor,Hyperion Dataworks,Government,jaimewashington@greene.com,(132) 883-2561,(659) 528-1246,(740) 476-8221,https://nelson.org/,143 Elizabeth Knoll,Woodsstad,IN,50626,Germany,0.0,2020-05-10,50980654
Julia Evans,Singularity Ventures,Government,liudavid@hotmail.com,(338) 762-8001,(125) 588-6236,(462) 940-4151,http://www.sharp-bates.com/,9732 Ricky Skyway,Joseburgh,KY,94365,United States,0.0,2021-03-20,89305822
Mr. Justin Goodman,NanoCore Solutions,Wholesale Trade,smitherin@montoya.com,(330) 387-4749,(593) 852-1186,(882) 715-3976,http://www.robinson.com/,51501 Miller Meadow Apt. 285,Toddbury,MO,70861,United States,0.0,2022-01-14,44772586
Katelyn Sanchez,Horizon Dynamics,Startup,harrylucas@hotmail.com,(795) 720-1544,(587) 265-9857,(725) 762-3773,https://garner.com/,5730 Thompson Terrace,Michaelstad,AR,46808,Australia,0.0,2021-03-15,39863228
Jose Mason,Horizon Dynamics,Wholesale Trade,erin09@gmail.com,(649) 265-7835,(613) 310-5585,(535) 655-1148,https://gonzalez-bender.net/,9954 Jorge Ford Suite 143,Ramirezhaven,TN,44951,United Kingdom,0.0,2022-01-16,63547134
Julie Melendez,Quantum Synergy Ltd,Government,chavezpatrick@schultz-jackson.info,(263) 406-4552,(999) 311-1914,(262) 859-5417,http://www.bryant-russell.org/,638 Anderson Mission Suite 055,Port Daniel,IL,78098,Germany,0.0,2021-07-24,62529588
Michael Rangel,AetherTech Industries,Enterprise,pnguyen@carr-goodwin.net,(202) 351-9826,(239) 235-4206,(769) 703-4751,https://spence.com/,2842 Jeffrey Grove,West Laurie,ND,98238,United Kingdom,0.0,2021-07-28,47432430
Daniel Nguyen,DataForge AI,Wholesale Trade,michelle28@holt-morgan.com,(854) 448-3411,(980) 576-1049,(849) 631-5221,http://www.frye.com/,3818 Tanya Alley,Griffinside,AK,15598,Canada,0.0,2024-02-05,78909543
Alicia Banks,Quantum Synergy Ltd,Retail,dpalmer@gmail.com,(419) 432-5751,(775) 137-2247,(340) 207-5193,https://garcia.biz/,529 Keller Green Apt. 995,West Kathrynmouth,WV,71482,Australia,0.0,2022-06-03,78644264
Kim Brown,EchoTech Systems,Enterprise,kdowns@yahoo.com,(902) 769-1979,(676) 323-4446,(284) 391-5302,http://parker.com/,415 Parker Village Suite 423,Leeton,AR,10509,United States,0.0,2024-04-16,20022432
Jessica Robinson,OmniFuture Technologies,Startup,melaniegalloway@moore-lindsey.biz,(604) 603-6601,(797) 431-7625,(915) 394-3538,http://thornton.com/,906 Barron Extensions,Lunaborough,NC,23708,Australia,0.0,2021-12-12,30929255
Jose Adams,Zenith Cognition,Government,lambertjamie@hotmail.com,(263) 469-6950,(567) 317-4821,(204) 150-8271,http://www.ford.net/,2156 Sullivan Forest,South Thomas,AZ,44287,Germany,0.0,2024-05-13,45949908
Andrea Peterson,Cybernetic Visionaries,Government,michele88@yahoo.com,(554) 383-1918,(201) 583-6980,(483) 988-7644,http://www.thomas.info/,6733 Cannon Burgs Apt. 845,North Alyssaborough,CA,80410,United States,0.0,2023-12-20,47450737
Gail Adams,Hyperion Dataworks,Enterprise,riverskimberly@dawson.com,(984) 616-5688,(157) 496-8717,(375) 594-2710,http://www.garza.com/,7665 Allison Mill Suite 119,West Ashleyton,SD,49139,Australia,0.0,2021-11-02,15578579
Sandra Dixon,AetherTech Industries,Government,audrey60@cooper-montoya.com,(519) 578-9913,(743) 911-3467,(827) 927-9985,http://www.schmitt-clark.com/,18317 Alec Burgs Suite 073,Wadefurt,MA,63611,Australia,0.0,2024-06-25,60814711
Lisa Gordon DVM,Hyperion Dataworks,Retail,lmurphy@hotmail.com,(330) 778-6710,(492) 807-2954,(412) 103-6252,https://www.rodriguez-garcia.info/,94661 Cruz Gardens Suite 826,Barnesside,OH,43485,United Kingdom,0.0,2020-07-22,23463220
David Garcia,MindFrame AI,Retail,hkennedy@lopez.biz,(466) 625-5700,(580) 574-8896,(830) 936-6744,https://alexander-juarez.biz/,9031 Young Drive,Josephview,PA,59112,Canada,0.0,2024-09-16,99828287
Samuel Singh,Singularity Ventures,Enterprise,rsimpson@yahoo.com,(200) 301-5248,(614) 165-7421,(897) 978-9438,https://luna.com/,993 Jessica Extensions Suite 284,West Catherineborough,NJ,10874,Canada,0.0,2022-05-22,97485349
Joseph Walker,Horizon Dynamics,Government,frazierraymond@jones.biz,(525) 834-9550,(520) 886-2215,(627) 520-6034,https://www.velez.com/,13746 Cody Plaza,Port Melissa,OH,22347,United Kingdom,0.0,2020-11-12,64511422
Calvin Diaz,MindFrame AI,Startup,smiller@hotmail.com,(308) 829-7773,(123) 895-9686,(607) 660-4658,http://murray.info/,1985 Kyle Creek Suite 168,Port Robert,SC,83760,Germany,0.0,2021-06-26,75583668
Marc Moore,Quantum Synergy Ltd,Startup,rwilliams@combs.com,(954) 995-8088,(831) 928-6091,(330) 211-7641,http://owen-carney.biz/,507 Martin Walk,Marcport,IA,30553,Canada,0.0,2021-08-05,47623490
Dawn Edwards,DataForge AI,Startup,yangnatasha@yahoo.com,(850) 737-3256,(811) 267-9238,(864) 226-7615,https://lewis-thomas.com/,67462 Dunlap Meadows Apt. 152,Brownview,LA,90591,Australia,0.0,2022-05-15,97822578
Andrew Gibson,NanoCore Solutions,Startup,rhoffman@hotmail.com,(509) 236-3657,(312) 804-5438,(820) 621-8920,https://www.martin.info/,299 Jill Trafficway,Berryburgh,CO,05502,United Kingdom,0.0,2020-08-19,21494779
Michael Campbell,Sentient Systems,Enterprise,dunnchristina@bauer.com,(954) 633-7942,(307) 164-6681,(566) 533-9131,https://www.moore-herrera.com/,6177 James Flat,West Daniel,MS,84300,Germany,0.0,2021-05-05,68037596
Robert Richards,Nexus Intelligence,Enterprise,brownerin@gmail.com,(885) 699-5927,(327) 344-9107,(673) 909-2239,https://zavala-brown.com/,19994 Carla Lodge,Jordanfort,TN,31500,Australia,0.0,2024-08-12,60662701
Mary Barr,Voidware Innovations,Enterprise,ijohnson@wood-allen.org,(429) 720-3842,(934) 735-7507,(691) 581-9147,http://james.net/,933 Jason Pike,South Jeffrey,NM,53952,Germany,0.0,2021-02-10,54128243
Andrew Johnson,Hyperion Dataworks,Enterprise,troy22@gmail.com,(571) 812-1249,(551) 835-8552,(895) 763-1579,http://www.braun-mitchell.org/,6806 Turner Garden Suite 639,West Danielle,NY,96524,Germany,0.0,2023-11-15,51429719
Victoria Vega,Singularity Ventures,Startup,rosemichelle@hotmail.com,(651) 176-4996,(717) 331-4568,(383) 872-7687,http://www.martinez.com/,8036 Michael Plaza Suite 263,Port Kristen,CA,70851,Australia,0.0,2020-09-16,65029818
Sheena Jones,Sentient Systems,Government,pdavis@garcia.info,(797) 195-5868,(128) 692-4165,(253) 244-5521,https://www.rice-hill.com/,19394 Irwin Field,Nicholsstad,NC,73665,Canada,0.0,2022-09-26,24708918
Richard Beck,Cybernetic Visionaries,Government,mcculloughdouglas@hotmail.com,(349) 556-3518,(838) 851-2715,(262) 162-2451,https://www.singh.biz/,002 Morales Wall Suite 614,North Maryside,SC,25559,Germany,0.0,2023-04-29,85956780
Charles Cole,Nebula Analytics,Startup,sharpmarvin@yahoo.com,(754) 144-9676,(572) 367-7379,(438) 174-8939,http://www.tate.com/,385 Meadows Grove,Davisbury,CO,13826,Germany,0.0,2023-10-20,19169241
Justin Pearson,AetherTech Industries,Startup,christina52@hotmail.com,(328) 116-9403,(424) 261-1888,(552) 176-9639,http://white.com/,0388 Dawson Ferry,Port Stephen,SC,14733,Germany,0.0,2023-06-23,20550771
Dominic Fowler,Infinity Logic,Enterprise,brittany90@yahoo.com,(470) 762-5317,(872) 366-1494,(461) 930-9942,https://ross.com/,113 Wells Courts Suite 839,Tinaton,UT,56084,Germany,0.0,2024-12-30,51725118
Katie Mitchell,DataForge AI,Enterprise,bdavis@mann.com,(856) 737-4827,(533) 314-6927,(749) 201-1650,https://www.sutton.com/,3357 Paul Shore Suite 306,Johnstonbury,IA,48281,Canada,0.0,2023-11-22,90403509
Kenneth Mendoza,Singularity Ventures,Startup,bbarnes@vazquez.info,(364) 569-5186,(594) 527-6796,(162) 694-9573,http://www.smith.com/,6948 Alexandra Pines,Kimberlyburgh,IA,92921,United States,0.0,2021-11-06,97346494
Rodney Porter,Nebula Analytics,Wholesale Trade,diazcristian@hotmail.com,(571) 859-8556,(687) 752-4348,(253) 656-7220,https://www.miller.com/,7017 James Route,Port Andrewstad,TX,57167,United States,0.0,2020-12-27,46932556
Keith Williams,AetherTech Industries,Wholesale Trade,lucasjose@yahoo.com,(370) 622-6911,(908) 261-2130,(886) 764-6740,https://madden.net/,20707 Brown Loaf Suite 833,Port Nicholas,SD,00659,Australia,0.0,2021-09-07,89068892
Rachael Mcbride,Sentient Systems,Startup,lwalters@mitchell.org,(746) 491-4290,(739) 630-1665,(432) 439-3957,https://www.christian.net/,6784 Garcia Circle Apt. 580,Cooperberg,DC,78193,United Kingdom,0.0,2020-08-03,55817426
Dillon Delacruz,Singularity Ventures,Government,lbonilla@williams.biz,(686) 235-5032,(228) 582-7276,(844) 856-3107,http://gomez.com/,74014 Sparks Villages Suite 555,Heatherbury,GA,69697,Australia,0.0,2022-10-04,82552813
Gerald Hoover,Cybernetic Visionaries,Government,luis29@preston.com,(504) 526-6807,(220) 481-3949,(828) 932-1759,http://www.soto-cox.com/,5197 Christina Center,Lake Rileymouth,TX,23492,United States,0.0,2021-08-01,35802249
Elaine Green,MindFrame AI,Government,mfernandez@hansen.info,(461) 148-3334,(772) 276-9840,(261) 179-8776,http://www.sullivan-ortiz.com/,832 Teresa Land,Lake Brandymouth,OR,77874,Australia,0.0,2020-10-27,72413553
Jessica Garcia,Singularity Ventures,Enterprise,ncabrera@joseph-williams.biz,(521) 530-5645,(309) 892-6306,(803) 710-8395,https://www.alvarez.com/,7625 Gregory Burgs,Barbaraland,SD,17118,United States,0.0,2022-03-07,54825690
Dominique Davis,Voidware Innovations,Government,jessicasharp@yahoo.com,(650) 910-8860,(580) 979-3665,(147) 797-8467,http://dillon-lopez.org/,042 Jose Wells,Port Ethanmouth,WY,35496,Australia,0.0,2021-04-03,89734663
Helen Kirk,Horizon Dynamics,Wholesale Trade,mrobinson@hotmail.com,(591) 427-7819,(614) 656-7862,(927) 134-8340,https://www.crane.net/,572 Christopher Shores Apt. 495,Aaronfort,ID,87816,Australia,0.0,2022-05-10,78972431
Angela Swanson,Omega Robotics,Startup,qrogers@aguilar.biz,(704) 426-7381,(750) 475-2412,(997) 364-4061,https://www.massey.net/,90288 Mills Branch Suite 301,Douglasborough,IN,81075,United Kingdom,0.0,2022-01-23,73020682
Bryan Harrison,Hyperion Dataworks,Retail,wadenichole@yahoo.com,(214) 917-4839,(307) 354-1800,(164) 472-9244,http://cook.com/,47715 Eaton Hollow,Amberfort,UT,96359,United States,0.0,2023-06-11,54404150
Maurice Garcia,MindFrame AI,Enterprise,bob20@gmail.com,(504) 315-7408,(156) 490-5024,(958) 196-3955,http://www.shaffer-rhodes.net/,8191 Thompson Highway,South Spencermouth,SC,55648,United States,0.0,2023-01-05,77681125
Judith Gomez,Omega Robotics,Wholesale Trade,cantuvictor@hotmail.com,(495) 141-6697,(696) 395-8087,(134) 306-3051,http://www.mccall.com/,92673 Martin Tunnel Apt. 261,Michaelstad,AL,97258,Canada,0.0,2023-11-08,29571070
Shawn Martinez,Sentient Systems,Enterprise,hbarry@hotmail.com,(913) 698-8822,(202) 587-2478,(710) 156-1982,http://stone.net/,30278 Johnston Lake,Reginaldport,RI,18195,United States,0.0,2020-10-20,15167364
Andrew Green,Omega Robotics,Government,robinbryant@krueger.org,(267) 807-1586,(456) 182-3196,(315) 509-2702,http://lindsey.com/,580 George Cliff,Cantrellbury,GA,24895,United States,0.0,2023-03-27,57544308
Timothy Hardy,Horizon Dynamics,Government,steve85@hotmail.com,(395) 415-4644,(678) 703-3860,(248) 182-3552,http://www.oconnor.net/,134 Mckee Place,South Lisafurt,ND,16395,Canada,0.0,2023-12-25,44649852
William James,Infinity Logic,Retail,jacob78@gmail.com,(615) 499-3150,(921) 764-2900,(560) 570-1144,http://www.grimes-kelley.com/,094 Elizabeth Trafficway,Amandamouth,OK,82631,Germany,0.0,2021-03-31,38459981
William Dean,Singularity Ventures,Retail,katie73@gmail.com,(393) 432-9750,(115) 790-8506,(317) 959-4989,http://www.price.biz/,10944 Jason Forges Apt. 007,Campbellview,VT,95605,United Kingdom,0.0,2020-02-28,47383030
Kristi Baker,DataForge AI,Retail,boneill@gmail.com,(713) 797-8848,(402) 626-7171,(619) 730-8550,http://www.ray.com/,818 Victoria Haven Apt. 827,Stokesland,AL,07586,United Kingdom,0.0,2025-01-04,94735438
Amy Clark,Quantum Synergy Ltd,Wholesale Trade,brianhall@barnett.org,(375) 154-8748,(814) 892-9356,(495) 255-6311,http://www.taylor.com/,5755 Young Street,North Jane,NC,34018,United Kingdom,0.0,2024-02-21,30585684
Thomas Tran,CryoNet Labs,Startup,pholt@middleton-hanson.com,(349) 769-2163,(436) 447-7729,(964) 123-6124,http://olsen-oneill.net/,412 Dean Loop,Joshuashire,DC,94743,United States,0.0,2020-10-19,16814413
Charles Price,AetherTech Industries,Wholesale Trade,scottbrown@gonzalez.com,(964) 956-4879,(361) 369-4539,(451) 291-1675,http://walker.org/,2750 Simmons Mount,Amandaville,ID,29198,United States,0.0,2023-09-11,96586459
Stephanie Gross,Sentient Systems,Government,carolynlawson@torres.com,(349) 451-6163,(632) 363-1684,(499) 216-5891,http://www.weber.com/,61718 Christopher Pike Apt. 980,Robertfurt,MS,07239,Canada,0.0,2022-05-21,83633095
Richard Gould,Quantum Synergy Ltd,Startup,johnnysullivan@hotmail.com,(195) 739-6262,(269) 273-7844,(826) 668-4090,http://roberts.biz/,60044 Andrade Islands Suite 998,Matthewfort,CT,92950,Canada,0.0,2022-07-30,37540200
Michael Vasquez,Infinity Logic,Government,rturner@harrison.org,(395) 343-4373,(822) 465-8107,(252) 103-4489,https://jimenez-smith.com/,8833 Miller Ports,West Carlos,VT,59308,United Kingdom,0.0,2023-05-10,11860215
Anthony Davis,OmniFuture Technologies,Wholesale Trade,courtney61@hotmail.com,(133) 585-8938,(964) 433-1263,(659) 973-6853,http://www.contreras.net/,052 Adam Springs Apt. 666,Torreschester,AR,70916,Germany,0.0,2024-12-16,76135117
Susan Butler,AetherTech Industries,Wholesale Trade,anthonymartinez@valentine.biz,(322) 944-5050,(567) 691-5979,(839) 332-2297,http://gordon-edwards.com/,1023 Braun Radial,Robertmouth,AZ,73701,Germany,0.0,2023-10-10,60284013
Nicholas Martin,DataForge AI,Startup,oray@morris-guerrero.com,(853) 589-1077,(135) 743-3075,(466) 114-1456,http://ballard.org/,33190 Bennett Radial,Erikaville,VT,41643,Australia,0.0,2021-03-30,91761823
Kathryn Clark,Hyperion Dataworks,Startup,kristen00@gmail.com,(144) 260-2404,(295) 130-9348,(842) 195-8000,http://www.fernandez-hunt.com/,33603 Steven Ports,East Julie,NE,11482,United States,0.0,2024-05-01,55065697
Jeffrey Kim,OmniFuture Technologies,Enterprise,ejames@yahoo.com,(661) 287-5240,(161) 883-9555,(820) 964-7783,https://delgado.com/,15352 Thomas Views,North Nathanton,NM,13114,Canada,0.0,2020-08-23,13752175
Dawn Day,NanoCore Solutions,Wholesale Trade,nyoder@meyer.com,(637) 532-1818,(182) 743-3426,(551) 974-3142,http://thompson.com/,820 Santos Court,Heatherton,IN,68175,Australia,0.0,2022-03-19,68102155
Victor Olson,Cybernetic Visionaries,Enterprise,alexanderjacobs@lopez.info,(864) 603-4671,(852) 904-1389,(476) 619-2290,http://www.farley-johnson.com/,7722 Joseph Shores Apt. 251,Veronicachester,AK,79507,Australia,0.0,2020-12-28,52091482
Lisa Ross,Zenith Cognition,Government,becky27@yahoo.com,(543) 983-7068,(354) 475-1981,(225) 790-5272,http://thompson.com/,412 Black Freeway,North John,OH,41078,Canada,0.0,2021-05-31,12018825
Donna Clark,NanoCore Solutions,Startup,vasquezrobert@hotmail.com,(803) 372-2686,(990) 700-3635,(895) 484-1275,http://smith-krause.biz/,42845 Robert Trail,North Charlesstad,NY,78696,Australia,0.0,2024-07-20,81801026
James Stevenson,Horizon Dynamics,Enterprise,fpatel@gmail.com,(981) 511-7801,(288) 255-4936,(438) 326-8755,http://sandoval-crawford.net/,90992 Walters Port,Rowlandburgh,SD,70915,Canada,0.0,2024-07-06,33740375
Herbert Johnson,Infinity Logic,Government,heather15@hotmail.com,(505) 983-5320,(548) 261-8897,(469) 814-8887,http://davis.net/,3795 Hull Turnpike Apt. 332,Campbellborough,KS,57783,Germany,0.0,2020-11-12,61869832
Eric Kim,Cybernetic Visionaries,Enterprise,zrose@davis.org,(470) 651-5478,(965) 998-7227,(277) 911-2287,http://www.phillips-garcia.com/,057 Veronica Expressway,Kyleton,NM,04691,United Kingdom,0.0,2024-07-16,87824927
Chase Rubio,Voidware Innovations,Enterprise,ebryant@harris-bond.com,(777) 839-1018,(824) 162-6071,(814) 408-6669,http://www.huber.com/,09786 Brian Plains Apt. 424,Johnshire,NJ,91481,United States,0.0,2021-03-03,40653898
Sandra Garrison,NanoCore Solutions,Enterprise,sparkskaren@hotmail.com,(703) 960-2324,(660) 756-7759,(549) 162-2203,https://durham.com/,2769 Torres Park,East Stephanie,SC,92239,Germany,0.0,2023-01-31,11621352
Mallory Perez DVM,Sentient Systems,Wholesale Trade,qallen@hotmail.com,(411) 833-9821,(970) 650-4655,(165) 537-4353,http://hendrix-reynolds.com/,25466 Sanchez Parks,Potterhaven,MI,45163,Germany,0.0,2024-09-15,26643573
Kaitlyn Waters,Neural Nexus Corp,Retail,bflowers@johnson.biz,(936) 429-3212,(349) 164-8609,(905) 559-6306,http://www.johnson.com/,06874 Margaret Harbors,Palmermouth,WA,95565,Germany,0.0,2022-12-30,45210258
Timothy Mccarthy,AetherTech Industries,Retail,leonard05@fernandez-graves.info,(216) 517-8074,(442) 828-3265,(514) 779-6685,http://www.mclaughlin.net/,8932 Williamson Square,Cherylburgh,HI,19947,Canada,0.0,2021-11-13,57582044
Amanda Chapman,AetherTech Industries,Enterprise,bridgetgray@luna.com,(899) 159-3699,(120) 564-9747,(797) 804-6663,http://www.elliott.com/,6244 Kenneth River Apt. 525,East Sarah,RI,38663,United States,0.0,2022-09-10,25600311
Kelly Tran,Singularity Ventures,Startup,boothveronica@yahoo.com,(316) 687-5511,(906) 643-2097,(667) 425-1701,https://gould-gomez.info/,5978 Logan Forge Suite 278,Port Gail,FL,38226,United Kingdom,0.0,2020-11-20,28164770
Leah Johnson,Nexus Intelligence,Wholesale Trade,angela83@johnson-wong.com,(978) 502-4228,(109) 216-6696,(594) 720-6043,https://hansen.info/,33460 Floyd Knolls Suite 901,Waynetown,NH,94735,United States,0.0,2023-04-03,62474607
Jasmine Taylor,Horizon Dynamics,Retail,brian85@richardson.biz,(967) 584-8090,(145) 673-9020,(966) 281-5043,https://gonzalez.com/,3360 James Ridge,North Michael,KY,71235,United Kingdom,0.0,2021-02-04,29456892
Brenda Mason,Sentient Systems,Government,raydecker@wong.com,(510) 866-2432,(641) 957-6793,(940) 416-2804,http://www.powell.com/,4367 Shane Ways,New Jack,HI,99693,Australia,0.0,2021-05-24,87821874
Dr. David Haynes MD,NanoCore Solutions,Startup,brittanycobb@compton.com,(810) 202-5371,(946) 260-8826,(106) 402-1039,http://ross.biz/,0501 Phyllis Valleys Suite 149,South Elizabethmouth,FL,76477,United Kingdom,0.0,2022-09-21,93550763
Jonathan Ramirez,Horizon Dynamics,Wholesale Trade,nguyenglenn@yahoo.com,(500) 487-8618,(289) 818-8620,(483) 999-8650,http://www.sheppard.com/,2314 Levy Rapid,Timothystad,OK,62612,Canada,0.0,2021-07-02,34792988
Sara Cruz,Nebula Analytics,Startup,rhondajones@yahoo.com,(156) 341-6127,(233) 387-1777,(546) 337-1027,https://jones.com/,73060 Susan Estate,Kelleyville,TN,06948,Australia,0.0,2021-05-18,78577854
